{"cameraMode":{"drawMode":0,"name":"Shaded","section":"Shading Mode"},"sceneLighting":true,"audioPlay":false,"sceneViewState":{"m_AlwaysRefresh":false,"showFog":true,"showSkybox":false,"showFlares":true,"showImageEffects":true,"showParticleSystems":true,"showVisualEffectGraphs":true,"m_FxEnabled":true},"in2DMode":false,"pivot":{"x":-0.047350168228149417,"y":5.628627777099609,"z":22.27703857421875},"rotation":{"x":-0.0018556358991190792,"y":0.9769746661186218,"z":-0.21315188705921174,"w":-0.008501059375703335},"size":74.44461059570313,"orthographic":false}