{"cameraMode":{"drawMode":0,"name":"Shaded","section":"Shading Mode"},"sceneLighting":true,"audioPlay":false,"sceneViewState":{"m_AlwaysRefresh":false,"showFog":true,"showSkybox":true,"showFlares":true,"showImageEffects":true,"showParticleSystems":true,"showVisualEffectGraphs":true,"m_FxEnabled":true},"in2DMode":false,"pivot":{"x":53.42445755004883,"y":61.92405700683594,"z":149.6106719970703},"rotation":{"x":0.058045145124197009,"y":-0.06225814297795296,"z":-0.0036241435445845129,"w":-0.9963799715042114},"size":7.218229293823242,"orthographic":false}