{"cameraMode":{"drawMode":0,"name":"Shaded","section":"Shading Mode"},"sceneLighting":true,"audioPlay":false,"sceneViewState":{"m_AlwaysRefresh":false,"showFog":true,"showSkybox":true,"showFlares":true,"showImageEffects":true,"showParticleSystems":true,"showVisualEffectGraphs":true,"m_FxEnabled":true},"in2DMode":false,"pivot":{"x":-2.3308844566345217,"y":1.7610845565795899,"z":-1.4582738876342774},"rotation":{"x":0.008310308679938317,"y":0.9205321669578552,"z":-0.3900732100009918,"w":0.019611401483416559},"size":9.2156343460083,"orthographic":false}