{"cameraMode":{"drawMode":0,"name":"Shaded","section":"Shading Mode"},"sceneLighting":true,"audioPlay":false,"sceneViewState":{"m_AlwaysRefresh":false,"showFog":true,"showSkybox":true,"showFlares":true,"showImageEffects":true,"showParticleSystems":true,"showVisualEffectGraphs":true,"m_FxEnabled":true},"in2DMode":false,"pivot":{"x":503.54803466796877,"y":258.0169677734375,"z":-1.7681884765625},"rotation":{"x":0.011999586597084999,"y":-0.0044996477663517,"z":0.00005399849760578945,"w":0.9999175071716309},"size":231.16592407226563,"orthographic":false}