{"cameraMode":{"drawMode":0,"name":"Shaded","section":"Shading Mode"},"sceneLighting":true,"audioPlay":false,"sceneViewState":{"m_AlwaysRefresh":false,"showFog":true,"showSkybox":true,"showFlares":true,"showImageEffects":true,"showParticleSystems":true,"showVisualEffectGraphs":true,"m_FxEnabled":true},"in2DMode":false,"pivot":{"x":-170.38613891601563,"y":-357.68792724609377,"z":370.9931335449219},"rotation":{"x":0.34528201818466189,"y":-0.20592865347862245,"z":0.07793590426445008,"w":0.9123077988624573},"size":284.36309814453127,"orthographic":false}