{"cameraMode":{"drawMode":0,"name":"Shaded","section":"Shading Mode"},"sceneLighting":true,"audioPlay":false,"sceneViewState":{"m_AlwaysRefresh":false,"showFog":true,"showSkybox":true,"showFlares":true,"showImageEffects":true,"showParticleSystems":true,"showVisualEffectGraphs":true,"m_FxEnabled":true},"in2DMode":false,"pivot":{"x":-1.0721782445907593,"y":-2.962306261062622,"z":1.046844482421875},"rotation":{"x":-0.022594187408685685,"y":0.9686148166656494,"z":-0.22813230752944947,"w":-0.09591255336999893},"size":4.166025161743164,"orthographic":false}